business_name,category,city,address,phone,source
A Light in the Attic,Books,Demo City,Demo Address,N/A,BooksToScrape
Tipping the Velvet,Books,Demo City,Demo Address,N/A,BooksToScrape
Soumission,Books,Demo City,Demo Address,N/A,BooksToScrape
Sharp Objects,Books,Demo City,Demo Address,N/A,BooksToScrape
Sapiens: A Brief History of Humankind,Books,Demo City,Demo Address,N/A,BooksToScrape
The Requiem Red,Books,Demo City,Demo Address,N/A,BooksToScrape
The Dirty Little Secrets of Getting Your Dream Job,Books,Demo City,Demo Address,N/A,BooksToScrape
"The Coming Woman: A Novel Based on the Life of the Infamous Feminist, Victoria Woodhull",Books,Demo City,Demo Address,N/A,BooksToScrape
The Boys in the Boat: Nine Americans and Their Epic Quest for Gold at the 1936 Berlin Olympics,Books,Demo City,Demo Address,N/A,BooksToScrape
The Black Maria,Books,Demo City,Demo Address,N/A,BooksToScrape
"Starving Hearts (Triangular Trade Trilogy, #1)",Books,Demo City,Demo Address,N/A,BooksToScrape
Shakespeare's Sonnets,Books,Demo City,Demo Address,N/A,BooksToScrape
Set Me Free,Books,Demo City,Demo Address,N/A,BooksToScrape
Scott Pilgrim's Precious Little Life (Scott Pilgrim #1),Books,Demo City,Demo Address,N/A,BooksToScrape
Rip it Up and Start Again,Books,Demo City,Demo Address,N/A,BooksToScrape
"Our Band Could Be Your Life: Scenes from the American Indie Underground, 1981-1991",Books,Demo City,Demo Address,N/A,BooksToScrape
Olio,Books,Demo City,Demo Address,N/A,BooksToScrape
Mesaerion: The Best Science Fiction Stories 1800-1849,Books,Demo City,Demo Address,N/A,BooksToScrape
Libertarianism for Beginners,Books,Demo City,Demo Address,N/A,BooksToScrape
It's Only the Himalayas,Books,Demo City,Demo Address,N/A,BooksToScrape
In Her Wake,Books,Demo City,Demo Address,N/A,BooksToScrape
How Music Works,Books,Demo City,Demo Address,N/A,BooksToScrape
"Foolproof Preserving: A Guide to Small Batch Jams, Jellies, Pickles, Condiments, and More: A Foolproof Guide to Making Small Batch Jams, Jellies, Pickles, Condiments, and More",Books,Demo City,Demo Address,N/A,BooksToScrape
Chase Me (Paris Nights #2),Books,Demo City,Demo Address,N/A,BooksToScrape
Black Dust,Books,Demo City,Demo Address,N/A,BooksToScrape
Birdsong: A Story in Pictures,Books,Demo City,Demo Address,N/A,BooksToScrape
America's Cradle of Quarterbacks: Western Pennsylvania's Football Factory from Johnny Unitas to Joe Montana,Books,Demo City,Demo Address,N/A,BooksToScrape
Aladdin and His Wonderful Lamp,Books,Demo City,Demo Address,N/A,BooksToScrape
Worlds Elsewhere: Journeys Around Shakespeareâs Globe,Books,Demo City,Demo Address,N/A,BooksToScrape
Wall and Piece,Books,Demo City,Demo Address,N/A,BooksToScrape
The Four Agreements: A Practical Guide to Personal Freedom,Books,Demo City,Demo Address,N/A,BooksToScrape
The Five Love Languages: How to Express Heartfelt Commitment to Your Mate,Books,Demo City,Demo Address,N/A,BooksToScrape
The Elephant Tree,Books,Demo City,Demo Address,N/A,BooksToScrape
The Bear and the Piano,Books,Demo City,Demo Address,N/A,BooksToScrape
Sophie's World,Books,Demo City,Demo Address,N/A,BooksToScrape
Penny Maybe,Books,Demo City,Demo Address,N/A,BooksToScrape
Maude (1883-1993):She Grew Up with the country,Books,Demo City,Demo Address,N/A,BooksToScrape
"In a Dark, Dark Wood",Books,Demo City,Demo Address,N/A,BooksToScrape
Behind Closed Doors,Books,Demo City,Demo Address,N/A,BooksToScrape
You can't bury them all: Poems,Books,Demo City,Demo Address,N/A,BooksToScrape
Slow States of Collapse: Poems,Books,Demo City,Demo Address,N/A,BooksToScrape
Reasons to Stay Alive,Books,Demo City,Demo Address,N/A,BooksToScrape
Private Paris (Private #10),Books,Demo City,Demo Address,N/A,BooksToScrape
#HigherSelfie: Wake Up Your Life. Free Your Soul. Find Your Tribe.,Books,Demo City,Demo Address,N/A,BooksToScrape
Without Borders (Wanderlove #1),Books,Demo City,Demo Address,N/A,BooksToScrape
When We Collided,Books,Demo City,Demo Address,N/A,BooksToScrape
"We Love You, Charlie Freeman",Books,Demo City,Demo Address,N/A,BooksToScrape
Untitled Collection: Sabbath Poems 2014,Books,Demo City,Demo Address,N/A,BooksToScrape
"Unseen City: The Majesty of Pigeons, the Discreet Charm of Snails & Other Wonders of the Urban Wilderness",Books,Demo City,Demo Address,N/A,BooksToScrape
Unicorn Tracks,Books,Demo City,Demo Address,N/A,BooksToScrape
"Unbound: How Eight Technologies Made Us Human, Transformed Society, and Brought Our World to the Brink",Books,Demo City,Demo Address,N/A,BooksToScrape
Tsubasa: WoRLD CHRoNiCLE 2 (Tsubasa WoRLD CHRoNiCLE #2),Books,Demo City,Demo Address,N/A,BooksToScrape
Throwing Rocks at the Google Bus: How Growth Became the Enemy of Prosperity,Books,Demo City,Demo Address,N/A,BooksToScrape
This One Summer,Books,Demo City,Demo Address,N/A,BooksToScrape
Thirst,Books,Demo City,Demo Address,N/A,BooksToScrape
The Torch Is Passed: A Harding Family Story,Books,Demo City,Demo Address,N/A,BooksToScrape
The Secret of Dreadwillow Carse,Books,Demo City,Demo Address,N/A,BooksToScrape
"The Pioneer Woman Cooks: Dinnertime: Comfort Classics, Freezer Food, 16-Minute Meals, and Other Delicious Ways to Solve Supper!",Books,Demo City,Demo Address,N/A,BooksToScrape
The Past Never Ends,Books,Demo City,Demo Address,N/A,BooksToScrape
The Natural History of Us (The Fine Art of Pretending #2),Books,Demo City,Demo Address,N/A,BooksToScrape
The Nameless City (The Nameless City #1),Books,Demo City,Demo Address,N/A,BooksToScrape
The Murder That Never Was (Forensic Instincts #5),Books,Demo City,Demo Address,N/A,BooksToScrape
The Most Perfect Thing: Inside (and Outside) a Bird's Egg,Books,Demo City,Demo Address,N/A,BooksToScrape
"The Mindfulness and Acceptance Workbook for Anxiety: A Guide to Breaking Free from Anxiety, Phobias, and Worry Using Acceptance and Commitment Therapy",Books,Demo City,Demo Address,N/A,BooksToScrape
The Life-Changing Magic of Tidying Up: The Japanese Art of Decluttering and Organizing,Books,Demo City,Demo Address,N/A,BooksToScrape
"The Inefficiency Assassin: Time Management Tactics for Working Smarter, Not Longer",Books,Demo City,Demo Address,N/A,BooksToScrape
The Gutsy Girl: Escapades for Your Life of Epic Adventure,Books,Demo City,Demo Address,N/A,BooksToScrape
The Electric Pencil: Drawings from Inside State Hospital No. 3,Books,Demo City,Demo Address,N/A,BooksToScrape
The Death of Humanity: and the Case for Life,Books,Demo City,Demo Address,N/A,BooksToScrape
"The Bulletproof Diet: Lose up to a Pound a Day, Reclaim Energy and Focus, Upgrade Your Life",Books,Demo City,Demo Address,N/A,BooksToScrape
The Art Forger,Books,Demo City,Demo Address,N/A,BooksToScrape
The Age of Genius: The Seventeenth Century and the Birth of the Modern Mind,Books,Demo City,Demo Address,N/A,BooksToScrape
The Activist's Tao Te Ching: Ancient Advice for a Modern Revolution,Books,Demo City,Demo Address,N/A,BooksToScrape
Spark Joy: An Illustrated Master Class on the Art of Organizing and Tidying Up,Books,Demo City,Demo Address,N/A,BooksToScrape
Soul Reader,Books,Demo City,Demo Address,N/A,BooksToScrape
Security,Books,Demo City,Demo Address,N/A,BooksToScrape
"Saga, Volume 6 (Saga (Collected Editions) #6)",Books,Demo City,Demo Address,N/A,BooksToScrape
"Saga, Volume 5 (Saga (Collected Editions) #5)",Books,Demo City,Demo Address,N/A,BooksToScrape
Reskilling America: Learning to Labor in the Twenty-First Century,Books,Demo City,Demo Address,N/A,BooksToScrape
"Rat Queens, Vol. 3: Demons (Rat Queens (Collected Editions) #11-15)",Books,Demo City,Demo Address,N/A,BooksToScrape
"Princess Jellyfish 2-in-1 Omnibus, Vol. 01 (Princess Jellyfish 2-in-1 Omnibus #1)",Books,Demo City,Demo Address,N/A,BooksToScrape
Princess Between Worlds (Wide-Awake Princess #5),Books,Demo City,Demo Address,N/A,BooksToScrape
"Pop Gun War, Volume 1: Gift",Books,Demo City,Demo Address,N/A,BooksToScrape
"Political Suicide: Missteps, Peccadilloes, Bad Calls, Backroom Hijinx, Sordid Pasts, Rotten Breaks, and Just Plain Dumb Mistakes in the Annals of American Politics",Books,Demo City,Demo Address,N/A,BooksToScrape
Patience,Books,Demo City,Demo Address,N/A,BooksToScrape
"Outcast, Vol. 1: A Darkness Surrounds Him (Outcast #1)",Books,Demo City,Demo Address,N/A,BooksToScrape
orange: The Complete Collection 1 (orange: The Complete Collection #1),Books,Demo City,Demo Address,N/A,BooksToScrape
Online Marketing for Busy Authors: A Step-By-Step Guide,Books,Demo City,Demo Address,N/A,BooksToScrape
On a Midnight Clear,Books,Demo City,Demo Address,N/A,BooksToScrape
Obsidian (Lux #1),Books,Demo City,Demo Address,N/A,BooksToScrape
My Paris Kitchen: Recipes and Stories,Books,Demo City,Demo Address,N/A,BooksToScrape
Masks and Shadows,Books,Demo City,Demo Address,N/A,BooksToScrape
"Mama Tried: Traditional Italian Cooking for the Screwed, Crude, Vegan, and Tattooed",Books,Demo City,Demo Address,N/A,BooksToScrape
"Lumberjanes, Vol. 2: Friendship to the Max (Lumberjanes #5-8)",Books,Demo City,Demo Address,N/A,BooksToScrape
"Lumberjanes, Vol. 1: Beware the Kitten Holy (Lumberjanes #1-4)",Books,Demo City,Demo Address,N/A,BooksToScrape
Lumberjanes Vol. 3: A Terrible Plan (Lumberjanes #9-12),Books,Demo City,Demo Address,N/A,BooksToScrape
"Layered: Baking, Building, and Styling Spectacular Cakes",Books,Demo City,Demo Address,N/A,BooksToScrape
Judo: Seven Steps to Black Belt (an Introductory Guide for Beginners),Books,Demo City,Demo Address,N/A,BooksToScrape
Join,Books,Demo City,Demo Address,N/A,BooksToScrape
In the Country We Love: My Family Divided,Books,Demo City,Demo Address,N/A,BooksToScrape
Immunity: How Elie Metchnikoff Changed the Course of Modern Medicine,Books,Demo City,Demo Address,N/A,BooksToScrape
"I Hate Fairyland, Vol. 1: Madly Ever After (I Hate Fairyland (Compilations) #1-5)",Books,Demo City,Demo Address,N/A,BooksToScrape
I am a Hero Omnibus Volume 1,Books,Demo City,Demo Address,N/A,BooksToScrape
How to Be Miserable: 40 Strategies You Already Use,Books,Demo City,Demo Address,N/A,BooksToScrape
Her Backup Boyfriend (The Sorensen Family #1),Books,Demo City,Demo Address,N/A,BooksToScrape
"Giant Days, Vol. 2 (Giant Days #5-8)",Books,Demo City,Demo Address,N/A,BooksToScrape
Forever and Forever: The Courtship of Henry Longfellow and Fanny Appleton,Books,Demo City,Demo Address,N/A,BooksToScrape
First and First (Five Boroughs #3),Books,Demo City,Demo Address,N/A,BooksToScrape
Fifty Shades Darker (Fifty Shades #2),Books,Demo City,Demo Address,N/A,BooksToScrape
Everydata: The Misinformation Hidden in the Little Data You Consume Every Day,Books,Demo City,Demo Address,N/A,BooksToScrape
"Don't Be a Jerk: And Other Practical Advice from Dogen, Japan's Greatest Zen Master",Books,Demo City,Demo Address,N/A,BooksToScrape
Danganronpa Volume 1,Books,Demo City,Demo Address,N/A,BooksToScrape
Crown of Midnight (Throne of Glass #2),Books,Demo City,Demo Address,N/A,BooksToScrape
"Codename Baboushka, Volume 1: The Conclave of Death",Books,Demo City,Demo Address,N/A,BooksToScrape
Camp Midnight,Books,Demo City,Demo Address,N/A,BooksToScrape
Call the Nurse: True Stories of a Country Nurse on a Scottish Isle,Books,Demo City,Demo Address,N/A,BooksToScrape
Burning,Books,Demo City,Demo Address,N/A,BooksToScrape
Bossypants,Books,Demo City,Demo Address,N/A,BooksToScrape
"Bitch Planet, Vol. 1: Extraordinary Machine (Bitch Planet (Collected Editions))",Books,Demo City,Demo Address,N/A,BooksToScrape
"Avatar: The Last Airbender: Smoke and Shadow, Part 3 (Smoke and Shadow #3)",Books,Demo City,Demo Address,N/A,BooksToScrape
Algorithms to Live By: The Computer Science of Human Decisions,Books,Demo City,Demo Address,N/A,BooksToScrape
A World of Flavor: Your Gluten Free Passport,Books,Demo City,Demo Address,N/A,BooksToScrape
"A Piece of Sky, a Grain of Rice: A Memoir in Four Meditations",Books,Demo City,Demo Address,N/A,BooksToScrape
A Murder in Time,Books,Demo City,Demo Address,N/A,BooksToScrape
A Flight of Arrows (The Pathfinders #2),Books,Demo City,Demo Address,N/A,BooksToScrape
A Fierce and Subtle Poison,Books,Demo City,Demo Address,N/A,BooksToScrape
A Court of Thorns and Roses (A Court of Thorns and Roses #1),Books,Demo City,Demo Address,N/A,BooksToScrape
(Un)Qualified: How God Uses Broken People to Do Big Things,Books,Demo City,Demo Address,N/A,BooksToScrape
You Are What You Love: The Spiritual Power of Habit,Books,Demo City,Demo Address,N/A,BooksToScrape
"William Shakespeare's Star Wars: Verily, A New Hope (William Shakespeare's Star Wars #4)",Books,Demo City,Demo Address,N/A,BooksToScrape
Tuesday Nights in 1980,Books,Demo City,Demo Address,N/A,BooksToScrape
Tracing Numbers on a Train,Books,Demo City,Demo Address,N/A,BooksToScrape
Throne of Glass (Throne of Glass #1),Books,Demo City,Demo Address,N/A,BooksToScrape
Thomas Jefferson and the Tripoli Pirates: The Forgotten War That Changed American History,Books,Demo City,Demo Address,N/A,BooksToScrape
Thirteen Reasons Why,Books,Demo City,Demo Address,N/A,BooksToScrape
The White Cat and the Monk: A Retelling of the Poem âPangur BÃ¡nâ,Books,Demo City,Demo Address,N/A,BooksToScrape
The Wedding Dress,Books,Demo City,Demo Address,N/A,BooksToScrape
The Vacationers,Books,Demo City,Demo Address,N/A,BooksToScrape
The Third Wave: An Entrepreneurâs Vision of the Future,Books,Demo City,Demo Address,N/A,BooksToScrape
The Stranger,Books,Demo City,Demo Address,N/A,BooksToScrape
The Shadow Hero (The Shadow Hero),Books,Demo City,Demo Address,N/A,BooksToScrape
The Secret (The Secret #1),Books,Demo City,Demo Address,N/A,BooksToScrape
The Regional Office Is Under Attack!,Books,Demo City,Demo Address,N/A,BooksToScrape
The Psychopath Test: A Journey Through the Madness Industry,Books,Demo City,Demo Address,N/A,BooksToScrape
The Project,Books,Demo City,Demo Address,N/A,BooksToScrape
The Power of Now: A Guide to Spiritual Enlightenment,Books,Demo City,Demo Address,N/A,BooksToScrape
The Omnivore's Dilemma: A Natural History of Four Meals,Books,Demo City,Demo Address,N/A,BooksToScrape
The Nerdy Nummies Cookbook: Sweet Treats for the Geek in All of Us,Books,Demo City,Demo Address,N/A,BooksToScrape
The Murder of Roger Ackroyd (Hercule Poirot #4),Books,Demo City,Demo Address,N/A,BooksToScrape
The Mistake (Off-Campus #2),Books,Demo City,Demo Address,N/A,BooksToScrape
The Matchmaker's Playbook (Wingmen Inc. #1),Books,Demo City,Demo Address,N/A,BooksToScrape
The Love and Lemons Cookbook: An Apple-to-Zucchini Celebration of Impromptu Cooking,Books,Demo City,Demo Address,N/A,BooksToScrape
The Long Shadow of Small Ghosts: Murder and Memory in an American City,Books,Demo City,Demo Address,N/A,BooksToScrape
The Kite Runner,Books,Demo City,Demo Address,N/A,BooksToScrape
The House by the Lake,Books,Demo City,Demo Address,N/A,BooksToScrape
The Glittering Court (The Glittering Court #1),Books,Demo City,Demo Address,N/A,BooksToScrape
The Girl on the Train,Books,Demo City,Demo Address,N/A,BooksToScrape
The Genius of Birds,Books,Demo City,Demo Address,N/A,BooksToScrape
The Emerald Mystery,Books,Demo City,Demo Address,N/A,BooksToScrape
The Cookies & Cups Cookbook: 125+ sweet & savory recipes reminding you to Always Eat Dessert First,Books,Demo City,Demo Address,N/A,BooksToScrape
The Bridge to Consciousness: I'm Writing the Bridge Between Science and Our Old and New Beliefs.,Books,Demo City,Demo Address,N/A,BooksToScrape
The Artist's Way: A Spiritual Path to Higher Creativity,Books,Demo City,Demo Address,N/A,BooksToScrape
The Art of War,Books,Demo City,Demo Address,N/A,BooksToScrape
The Argonauts,Books,Demo City,Demo Address,N/A,BooksToScrape
The 10% Entrepreneur: Live Your Startup Dream Without Quitting Your Day Job,Books,Demo City,Demo Address,N/A,BooksToScrape
Suddenly in Love (Lake Haven #1),Books,Demo City,Demo Address,N/A,BooksToScrape
Something More Than This,Books,Demo City,Demo Address,N/A,BooksToScrape
Soft Apocalypse,Books,Demo City,Demo Address,N/A,BooksToScrape
So You've Been Publicly Shamed,Books,Demo City,Demo Address,N/A,BooksToScrape
Shoe Dog: A Memoir by the Creator of NIKE,Books,Demo City,Demo Address,N/A,BooksToScrape
"Shobu Samurai, Project Aryoku (#3)",Books,Demo City,Demo Address,N/A,BooksToScrape
Secrets and Lace (Fatal Hearts #1),Books,Demo City,Demo Address,N/A,BooksToScrape
Scarlett Epstein Hates It Here,Books,Demo City,Demo Address,N/A,BooksToScrape
Romero and Juliet: A Tragic Tale of Love and Zombies,Books,Demo City,Demo Address,N/A,BooksToScrape
Redeeming Love,Books,Demo City,Demo Address,N/A,BooksToScrape
Poses for Artists Volume 1 - Dynamic and Sitting Poses: An Essential Reference for Figure Drawing and the Human Form,Books,Demo City,Demo Address,N/A,BooksToScrape
Poems That Make Grown Women Cry,Books,Demo City,Demo Address,N/A,BooksToScrape
"Nightingale, Sing",Books,Demo City,Demo Address,N/A,BooksToScrape
Night Sky with Exit Wounds,Books,Demo City,Demo Address,N/A,BooksToScrape
Mrs. Houdini,Books,Demo City,Demo Address,N/A,BooksToScrape
Modern Romance,Books,Demo City,Demo Address,N/A,BooksToScrape
Miss Peregrineâs Home for Peculiar Children (Miss Peregrineâs Peculiar Children #1),Books,Demo City,Demo Address,N/A,BooksToScrape
Louisa: The Extraordinary Life of Mrs. Adams,Books,Demo City,Demo Address,N/A,BooksToScrape
Little Red,Books,Demo City,Demo Address,N/A,BooksToScrape
Library of Souls (Miss Peregrineâs Peculiar Children #3),Books,Demo City,Demo Address,N/A,BooksToScrape
Large Print Heart of the Pride,Books,Demo City,Demo Address,N/A,BooksToScrape
I Had a Nice Time And Other Lies...: How to find love & sh*t like that,Books,Demo City,Demo Address,N/A,BooksToScrape
Hollow City (Miss Peregrineâs Peculiar Children #2),Books,Demo City,Demo Address,N/A,BooksToScrape
Grumbles,Books,Demo City,Demo Address,N/A,BooksToScrape
Full Moon over Noahâs Ark: An Odyssey to Mount Ararat and Beyond,Books,Demo City,Demo Address,N/A,BooksToScrape
Frostbite (Vampire Academy #2),Books,Demo City,Demo Address,N/A,BooksToScrape
Follow You Home,Books,Demo City,Demo Address,N/A,BooksToScrape
First Steps for New Christians (Print Edition),Books,Demo City,Demo Address,N/A,BooksToScrape
Finders Keepers (Bill Hodges Trilogy #2),Books,Demo City,Demo Address,N/A,BooksToScrape
"Fables, Vol. 1: Legends in Exile (Fables #1)",Books,Demo City,Demo Address,N/A,BooksToScrape
Eureka Trivia 6.0,Books,Demo City,Demo Address,N/A,BooksToScrape
Drive: The Surprising Truth About What Motivates Us,Books,Demo City,Demo Address,N/A,BooksToScrape
Done Rubbed Out (Reightman & Bailey #1),Books,Demo City,Demo Address,N/A,BooksToScrape
Doing It Over (Most Likely To #1),Books,Demo City,Demo Address,N/A,BooksToScrape
"Deliciously Ella Every Day: Quick and Easy Recipes for Gluten-Free Snacks, Packed Lunches, and Simple Meals",Books,Demo City,Demo Address,N/A,BooksToScrape
Dark Notes,Books,Demo City,Demo Address,N/A,BooksToScrape
"Daring Greatly: How the Courage to Be Vulnerable Transforms the Way We Live, Love, Parent, and Lead",Books,Demo City,Demo Address,N/A,BooksToScrape
Close to You,Books,Demo City,Demo Address,N/A,BooksToScrape
Chasing Heaven: What Dying Taught Me About Living,Books,Demo City,Demo Address,N/A,BooksToScrape
Big Magic: Creative Living Beyond Fear,Books,Demo City,Demo Address,N/A,BooksToScrape
Becoming Wise: An Inquiry into the Mystery and Art of Living,Books,Demo City,Demo Address,N/A,BooksToScrape
Beauty Restored (Riley Family Legacy Novellas #3),Books,Demo City,Demo Address,N/A,BooksToScrape
Batman: The Long Halloween (Batman),Books,Demo City,Demo Address,N/A,BooksToScrape
Batman: The Dark Knight Returns (Batman),Books,Demo City,Demo Address,N/A,BooksToScrape
Ayumi's Violin,Books,Demo City,Demo Address,N/A,BooksToScrape
Anonymous,Books,Demo City,Demo Address,N/A,BooksToScrape
Amy Meets the Saints and Sages,Books,Demo City,Demo Address,N/A,BooksToScrape
Amid the Chaos,Books,Demo City,Demo Address,N/A,BooksToScrape
Amatus,Books,Demo City,Demo Address,N/A,BooksToScrape
Agnostic: A Spirited Manifesto,Books,Demo City,Demo Address,N/A,BooksToScrape
Zealot: The Life and Times of Jesus of Nazareth,Books,Demo City,Demo Address,N/A,BooksToScrape
You (You #1),Books,Demo City,Demo Address,N/A,BooksToScrape
"Wonder Woman: Earth One, Volume One (Wonder Woman: Earth One #1)",Books,Demo City,Demo Address,N/A,BooksToScrape
Wild Swans,Books,Demo City,Demo Address,N/A,BooksToScrape
Why the Right Went Wrong: Conservatism--From Goldwater to the Tea Party and Beyond,Books,Demo City,Demo Address,N/A,BooksToScrape
Whole Lotta Creativity Going On: 60 Fun and Unusual Exercises to Awaken and Strengthen Your Creativity,Books,Demo City,Demo Address,N/A,BooksToScrape
What's It Like in Space?: Stories from Astronauts Who've Been There,Books,Demo City,Demo Address,N/A,BooksToScrape
"We Are Robin, Vol. 1: The Vigilante Business (We Are Robin #1)",Books,Demo City,Demo Address,N/A,BooksToScrape
Walt Disney's Alice in Wonderland,Books,Demo City,Demo Address,N/A,BooksToScrape
V for Vendetta (V for Vendetta Complete),Books,Demo City,Demo Address,N/A,BooksToScrape
Until Friday Night (The Field Party #1),Books,Demo City,Demo Address,N/A,BooksToScrape
"Unbroken: A World War II Story of Survival, Resilience, and Redemption",Books,Demo City,Demo Address,N/A,BooksToScrape
Twenty Yawns,Books,Demo City,Demo Address,N/A,BooksToScrape
Through the Woods,Books,Demo City,Demo Address,N/A,BooksToScrape
This Is Where It Ends,Books,Demo City,Demo Address,N/A,BooksToScrape
The Year of Magical Thinking,Books,Demo City,Demo Address,N/A,BooksToScrape
The Wright Brothers,Books,Demo City,Demo Address,N/A,BooksToScrape
The White Queen (The Cousins' War #1),Books,Demo City,Demo Address,N/A,BooksToScrape
The Wedding Pact (The O'Malleys #2),Books,Demo City,Demo Address,N/A,BooksToScrape
The Time Keeper,Books,Demo City,Demo Address,N/A,BooksToScrape
The Testament of Mary,Books,Demo City,Demo Address,N/A,BooksToScrape
The Star-Touched Queen,Books,Demo City,Demo Address,N/A,BooksToScrape
The Songs of the Gods,Books,Demo City,Demo Address,N/A,BooksToScrape
The Song of Achilles,Books,Demo City,Demo Address,N/A,BooksToScrape
The Rosie Project (Don Tillman #1),Books,Demo City,Demo Address,N/A,BooksToScrape
The Power of Habit: Why We Do What We Do in Life and Business,Books,Demo City,Demo Address,N/A,BooksToScrape
The Marriage of Opposites,Books,Demo City,Demo Address,N/A,BooksToScrape
The Lucifer Effect: Understanding How Good People Turn Evil,Books,Demo City,Demo Address,N/A,BooksToScrape
The Long Haul (Diary of a Wimpy Kid #9),Books,Demo City,Demo Address,N/A,BooksToScrape
The Loney,Books,Demo City,Demo Address,N/A,BooksToScrape
The Literature Book (Big Ideas Simply Explained),Books,Demo City,Demo Address,N/A,BooksToScrape
The Last Mile (Amos Decker #2),Books,Demo City,Demo Address,N/A,BooksToScrape
The Immortal Life of Henrietta Lacks,Books,Demo City,Demo Address,N/A,BooksToScrape
The Hidden Oracle (The Trials of Apollo #1),Books,Demo City,Demo Address,N/A,BooksToScrape
The Help Yourself Cookbook for Kids: 60 Easy Plant-Based Recipes Kids Can Make to Stay Healthy and Save the Earth,Books,Demo City,Demo Address,N/A,BooksToScrape
The Guilty (Will Robie #4),Books,Demo City,Demo Address,N/A,BooksToScrape
The First Hostage (J.B. Collins #2),Books,Demo City,Demo Address,N/A,BooksToScrape
The Dovekeepers,Books,Demo City,Demo Address,N/A,BooksToScrape
The Darkest Lie,Books,Demo City,Demo Address,N/A,BooksToScrape
The Bane Chronicles (The Bane Chronicles #1-11),Books,Demo City,Demo Address,N/A,BooksToScrape
The Bad-Ass Librarians of Timbuktu: And Their Race to Save the Worldâs Most Precious Manuscripts,Books,Demo City,Demo Address,N/A,BooksToScrape
The 14th Colony (Cotton Malone #11),Books,Demo City,Demo Address,N/A,BooksToScrape
That Darkness (Gardiner and Renner #1),Books,Demo City,Demo Address,N/A,BooksToScrape
Tastes Like Fear (DI Marnie Rome #3),Books,Demo City,Demo Address,N/A,BooksToScrape
Take Me with You,Books,Demo City,Demo Address,N/A,BooksToScrape
Swell: A Year of Waves,Books,Demo City,Demo Address,N/A,BooksToScrape
Superman Vol. 1: Before Truth (Superman by Gene Luen Yang #1),Books,Demo City,Demo Address,N/A,BooksToScrape
Still Life with Bread Crumbs,Books,Demo City,Demo Address,N/A,BooksToScrape
Steve Jobs,Books,Demo City,Demo Address,N/A,BooksToScrape
Sorting the Beef from the Bull: The Science of Food Fraud Forensics,Books,Demo City,Demo Address,N/A,BooksToScrape
Someone Like You (The Harrisons #2),Books,Demo City,Demo Address,N/A,BooksToScrape
"So Cute It Hurts!!, Vol. 6 (So Cute It Hurts!! #6)",Books,Demo City,Demo Address,N/A,BooksToScrape
Shtum,Books,Demo City,Demo Address,N/A,BooksToScrape
See America: A Celebration of Our National Parks & Treasured Sites,Books,Demo City,Demo Address,N/A,BooksToScrape
salt.,Books,Demo City,Demo Address,N/A,BooksToScrape
Robin War,Books,Demo City,Demo Address,N/A,BooksToScrape
"Red Hood/Arsenal, Vol. 1: Open for Business (Red Hood/Arsenal #1)",Books,Demo City,Demo Address,N/A,BooksToScrape
Rain Fish,Books,Demo City,Demo Address,N/A,BooksToScrape
"Quarter Life Poetry: Poems for the Young, Broke and Hangry",Books,Demo City,Demo Address,N/A,BooksToScrape
Pet Sematary,Books,Demo City,Demo Address,N/A,BooksToScrape
"Overload: How to Unplug, Unwind, and Unleash Yourself from the Pressure of Stress",Books,Demo City,Demo Address,N/A,BooksToScrape
Once Was a Time,Books,Demo City,Demo Address,N/A,BooksToScrape
Old School (Diary of a Wimpy Kid #10),Books,Demo City,Demo Address,N/A,BooksToScrape
No Dream Is Too High: Life Lessons From a Man Who Walked on the Moon,Books,Demo City,Demo Address,N/A,BooksToScrape
"Naruto (3-in-1 Edition), Vol. 14: Includes Vols. 40, 41 & 42 (Naruto: Omnibus #14)",Books,Demo City,Demo Address,N/A,BooksToScrape
My Name Is Lucy Barton,Books,Demo City,Demo Address,N/A,BooksToScrape
My Mrs. Brown,Books,Demo City,Demo Address,N/A,BooksToScrape
My Kind of Crazy,Books,Demo City,Demo Address,N/A,BooksToScrape
Mr. Mercedes (Bill Hodges Trilogy #1),Books,Demo City,Demo Address,N/A,BooksToScrape
More Than Music (Chasing the Dream #1),Books,Demo City,Demo Address,N/A,BooksToScrape
Made to Stick: Why Some Ideas Survive and Others Die,Books,Demo City,Demo Address,N/A,BooksToScrape
Luis Paints the World,Books,Demo City,Demo Address,N/A,BooksToScrape
Luckiest Girl Alive,Books,Demo City,Demo Address,N/A,BooksToScrape
Lowriders to the Center of the Earth (Lowriders in Space #2),Books,Demo City,Demo Address,N/A,BooksToScrape
Love Is a Mix Tape (Music #1),Books,Demo City,Demo Address,N/A,BooksToScrape
Looking for Lovely: Collecting the Moments that Matter,Books,Demo City,Demo Address,N/A,BooksToScrape
"Living Leadership by Insight: A Good Leader Achieves, a Great Leader Builds Monuments",Books,Demo City,Demo Address,N/A,BooksToScrape
Let It Out: A Journey Through Journaling,Books,Demo City,Demo Address,N/A,BooksToScrape
Lady Midnight (The Dark Artifices #1),Books,Demo City,Demo Address,N/A,BooksToScrape
"It's All Easy: Healthy, Delicious Weeknight Meals in under 30 Minutes",Books,Demo City,Demo Address,N/A,BooksToScrape
Island of Dragons (Unwanteds #7),Books,Demo City,Demo Address,N/A,BooksToScrape
I Know What I'm Doing -- and Other Lies I Tell Myself: Dispatches from a Life Under Construction,Books,Demo City,Demo Address,N/A,BooksToScrape
I Am Pilgrim (Pilgrim #1),Books,Demo City,Demo Address,N/A,BooksToScrape
"Hyperbole and a Half: Unfortunate Situations, Flawed Coping Mechanisms, Mayhem, and Other Things That Happened",Books,Demo City,Demo Address,N/A,BooksToScrape
"Hush, Hush (Hush, Hush #1)",Books,Demo City,Demo Address,N/A,BooksToScrape
Hold Your Breath (Search and Rescue #1),Books,Demo City,Demo Address,N/A,BooksToScrape
Hamilton: The Revolution,Books,Demo City,Demo Address,N/A,BooksToScrape
Greek Mythic History,Books,Demo City,Demo Address,N/A,BooksToScrape
God: The Most Unpleasant Character in All Fiction,Books,Demo City,Demo Address,N/A,BooksToScrape
Glory over Everything: Beyond The Kitchen House,Books,Demo City,Demo Address,N/A,BooksToScrape
Feathers: Displays of Brilliant Plumage,Books,Demo City,Demo Address,N/A,BooksToScrape
"Far & Away: Places on the Brink of Change: Seven Continents, Twenty-Five Years",Books,Demo City,Demo Address,N/A,BooksToScrape
Every Last Word,Books,Demo City,Demo Address,N/A,BooksToScrape
Eligible (The Austen Project #4),Books,Demo City,Demo Address,N/A,BooksToScrape
El Deafo,Books,Demo City,Demo Address,N/A,BooksToScrape
Eight Hundred Grapes,Books,Demo City,Demo Address,N/A,BooksToScrape
"Eaternity: More than 150 Deliciously Easy Vegan Recipes for a Long, Healthy, Satisfied, Joyful Life",Books,Demo City,Demo Address,N/A,BooksToScrape
"Eat Fat, Get Thin",Books,Demo City,Demo Address,N/A,BooksToScrape
Don't Get Caught,Books,Demo City,Demo Address,N/A,BooksToScrape
Doctor Sleep (The Shining #2),Books,Demo City,Demo Address,N/A,BooksToScrape
Demigods & Magicians: Percy and Annabeth Meet the Kanes (Percy Jackson & Kane Chronicles Crossover #1-3),Books,Demo City,Demo Address,N/A,BooksToScrape
Dear Mr. Knightley,Books,Demo City,Demo Address,N/A,BooksToScrape
Daily Fantasy Sports,Books,Demo City,Demo Address,N/A,BooksToScrape
Crazy Love: Overwhelmed by a Relentless God,Books,Demo City,Demo Address,N/A,BooksToScrape
Cometh the Hour (The Clifton Chronicles #6),Books,Demo City,Demo Address,N/A,BooksToScrape
Code Name Verity (Code Name Verity #1),Books,Demo City,Demo Address,N/A,BooksToScrape
Clockwork Angel (The Infernal Devices #1),Books,Demo City,Demo Address,N/A,BooksToScrape
City of Glass (The Mortal Instruments #3),Books,Demo City,Demo Address,N/A,BooksToScrape
City of Fallen Angels (The Mortal Instruments #4),Books,Demo City,Demo Address,N/A,BooksToScrape
City of Bones (The Mortal Instruments #1),Books,Demo City,Demo Address,N/A,BooksToScrape
City of Ashes (The Mortal Instruments #2),Books,Demo City,Demo Address,N/A,BooksToScrape
Cell,Books,Demo City,Demo Address,N/A,BooksToScrape
Catching Jordan (Hundred Oaks),Books,Demo City,Demo Address,N/A,BooksToScrape
"Carry On, Warrior: Thoughts on Life Unarmed",Books,Demo City,Demo Address,N/A,BooksToScrape
Carrie,Books,Demo City,Demo Address,N/A,BooksToScrape
Buying In: The Secret Dialogue Between What We Buy and Who We Are,Books,Demo City,Demo Address,N/A,BooksToScrape
Brain on Fire: My Month of Madness,Books,Demo City,Demo Address,N/A,BooksToScrape
Batman: Europa,Books,Demo City,Demo Address,N/A,BooksToScrape
Barefoot Contessa Back to Basics,Books,Demo City,Demo Address,N/A,BooksToScrape
Barefoot Contessa at Home: Everyday Recipes You'll Make Over and Over Again,Books,Demo City,Demo Address,N/A,BooksToScrape
Balloon Animals,Books,Demo City,Demo Address,N/A,BooksToScrape
Art Ops Vol. 1,Books,Demo City,Demo Address,N/A,BooksToScrape
Aristotle and Dante Discover the Secrets of the Universe (Aristotle and Dante Discover the Secrets of the Universe #1),Books,Demo City,Demo Address,N/A,BooksToScrape
Angels Walking (Angels Walking #1),Books,Demo City,Demo Address,N/A,BooksToScrape
Angels & Demons (Robert Langdon #1),Books,Demo City,Demo Address,N/A,BooksToScrape
All the Light We Cannot See,Books,Demo City,Demo Address,N/A,BooksToScrape
"Adulthood Is a Myth: A ""Sarah's Scribbles"" Collection",Books,Demo City,Demo Address,N/A,BooksToScrape
Abstract City,Books,Demo City,Demo Address,N/A,BooksToScrape
A Time of Torment (Charlie Parker #14),Books,Demo City,Demo Address,N/A,BooksToScrape
A Study in Scarlet (Sherlock Holmes #1),Books,Demo City,Demo Address,N/A,BooksToScrape
"A Series of Catastrophes and Miracles: A True Story of Love, Science, and Cancer",Books,Demo City,Demo Address,N/A,BooksToScrape
A People's History of the United States,Books,Demo City,Demo Address,N/A,BooksToScrape
A Man Called Ove,Books,Demo City,Demo Address,N/A,BooksToScrape
A Distant Mirror: The Calamitous 14th Century,Books,Demo City,Demo Address,N/A,BooksToScrape
A Brush of Wings (Angels Walking #3),Books,Demo City,Demo Address,N/A,BooksToScrape
1491: New Revelations of the Americas Before Columbus,Books,Demo City,Demo Address,N/A,BooksToScrape
"The Three Searches, Meaning, and the Story",Books,Demo City,Demo Address,N/A,BooksToScrape
Searching for Meaning in Gailana,Books,Demo City,Demo Address,N/A,BooksToScrape
Rook,Books,Demo City,Demo Address,N/A,BooksToScrape
My Kitchen Year: 136 Recipes That Saved My Life,Books,Demo City,Demo Address,N/A,BooksToScrape
13 Hours: The Inside Account of What Really Happened In Benghazi,Books,Demo City,Demo Address,N/A,BooksToScrape
Will You Won't You Want Me?,Books,Demo City,Demo Address,N/A,BooksToScrape
Tipping Point for Planet Earth: How Close Are We to the Edge?,Books,Demo City,Demo Address,N/A,BooksToScrape
The Star-Touched Queen,Books,Demo City,Demo Address,N/A,BooksToScrape
The Silent Sister (Riley MacPherson #1),Books,Demo City,Demo Address,N/A,BooksToScrape
The Midnight Watch: A Novel of the Titanic and the Californian,Books,Demo City,Demo Address,N/A,BooksToScrape
The Lonely City: Adventures in the Art of Being Alone,Books,Demo City,Demo Address,N/A,BooksToScrape
The Gray Rhino: How to Recognize and Act on the Obvious Dangers We Ignore,Books,Demo City,Demo Address,N/A,BooksToScrape
The Golden Condom: And Other Essays on Love Lost and Found,Books,Demo City,Demo Address,N/A,BooksToScrape
The Epidemic (The Program 0.6),Books,Demo City,Demo Address,N/A,BooksToScrape
The Dinner Party,Books,Demo City,Demo Address,N/A,BooksToScrape
The Diary of a Young Girl,Books,Demo City,Demo Address,N/A,BooksToScrape
The Children,Books,Demo City,Demo Address,N/A,BooksToScrape
Stars Above (The Lunar Chronicles #4.5),Books,Demo City,Demo Address,N/A,BooksToScrape
Snatched: How A Drug Queen Went Undercover for the DEA and Was Kidnapped By Colombian Guerillas,Books,Demo City,Demo Address,N/A,BooksToScrape
Raspberry Pi Electronics Projects for the Evil Genius,Books,Demo City,Demo Address,N/A,BooksToScrape
Quench Your Own Thirst: Business Lessons Learned Over a Beer or Two,Books,Demo City,Demo Address,N/A,BooksToScrape
Psycho: Sanitarium (Psycho #1.5),Books,Demo City,Demo Address,N/A,BooksToScrape
Poisonous (Max Revere Novels #3),Books,Demo City,Demo Address,N/A,BooksToScrape
One with You (Crossfire #5),Books,Demo City,Demo Address,N/A,BooksToScrape
No Love Allowed (Dodge Cove #1),Books,Demo City,Demo Address,N/A,BooksToScrape
Murder at the 42nd Street Library (Raymond Ambler #1),Books,Demo City,Demo Address,N/A,BooksToScrape
Most Wanted,Books,Demo City,Demo Address,N/A,BooksToScrape
"Love, Lies and Spies",Books,Demo City,Demo Address,N/A,BooksToScrape
How to Speak Golf: An Illustrated Guide to Links Lingo,Books,Demo City,Demo Address,N/A,BooksToScrape
Hide Away (Eve Duncan #20),Books,Demo City,Demo Address,N/A,BooksToScrape
Furiously Happy: A Funny Book About Horrible Things,Books,Demo City,Demo Address,N/A,BooksToScrape
Everyday Italian: 125 Simple and Delicious Recipes,Books,Demo City,Demo Address,N/A,BooksToScrape
Equal Is Unfair: America's Misguided Fight Against Income Inequality,Books,Demo City,Demo Address,N/A,BooksToScrape
Eleanor & Park,Books,Demo City,Demo Address,N/A,BooksToScrape
Dirty (Dive Bar #1),Books,Demo City,Demo Address,N/A,BooksToScrape
Can You Keep a Secret? (Fear Street Relaunch #4),Books,Demo City,Demo Address,N/A,BooksToScrape
Boar Island (Anna Pigeon #19),Books,Demo City,Demo Address,N/A,BooksToScrape
A Paris Apartment,Books,Demo City,Demo Address,N/A,BooksToScrape
"A la Mode: 120 Recipes in 60 Pairings: Pies, Tarts, Cakes, Crisps, and More Topped with Ice Cream, Gelato, Frozen Custard, and More",Books,Demo City,Demo Address,N/A,BooksToScrape
Troublemaker: Surviving Hollywood and Scientology,Books,Demo City,Demo Address,N/A,BooksToScrape
The Widow,Books,Demo City,Demo Address,N/A,BooksToScrape
"The Sleep Revolution: Transforming Your Life, One Night at a Time",Books,Demo City,Demo Address,N/A,BooksToScrape
The Improbability of Love,Books,Demo City,Demo Address,N/A,BooksToScrape
The Art of Startup Fundraising,Books,Demo City,Demo Address,N/A,BooksToScrape
Take Me Home Tonight (Rock Star Romance #3),Books,Demo City,Demo Address,N/A,BooksToScrape
Sleeping Giants (Themis Files #1),Books,Demo City,Demo Address,N/A,BooksToScrape
"Setting the World on Fire: The Brief, Astonishing Life of St. Catherine of Siena",Books,Demo City,Demo Address,N/A,BooksToScrape
Playing with Fire,Books,Demo City,Demo Address,N/A,BooksToScrape
Off the Hook (Fishing for Trouble #1),Books,Demo City,Demo Address,N/A,BooksToScrape
Mothering Sunday,Books,Demo City,Demo Address,N/A,BooksToScrape
"Mother, Can You Not?",Books,Demo City,Demo Address,N/A,BooksToScrape
M Train,Books,Demo City,Demo Address,N/A,BooksToScrape
Lilac Girls,Books,Demo City,Demo Address,N/A,BooksToScrape
Lies and Other Acts of Love,Books,Demo City,Demo Address,N/A,BooksToScrape
Lab Girl,Books,Demo City,Demo Address,N/A,BooksToScrape
Keep Me Posted,Books,Demo City,Demo Address,N/A,BooksToScrape
It Didn't Start with You: How Inherited Family Trauma Shapes Who We Are and How to End the Cycle,Books,Demo City,Demo Address,N/A,BooksToScrape
Grey (Fifty Shades #4),Books,Demo City,Demo Address,N/A,BooksToScrape
"Exit, Pursued by a Bear",Books,Demo City,Demo Address,N/A,BooksToScrape
Daredevils,Books,Demo City,Demo Address,N/A,BooksToScrape
Cravings: Recipes for What You Want to Eat,Books,Demo City,Demo Address,N/A,BooksToScrape
Born for This: How to Find the Work You Were Meant to Do,Books,Demo City,Demo Address,N/A,BooksToScrape
Arena,Books,Demo City,Demo Address,N/A,BooksToScrape
Adultery,Books,Demo City,Demo Address,N/A,BooksToScrape
A Mother's Reckoning: Living in the Aftermath of Tragedy,Books,Demo City,Demo Address,N/A,BooksToScrape
A Gentleman's Position (Society of Gentlemen #3),Books,Demo City,Demo Address,N/A,BooksToScrape
11/22/63,Books,Demo City,Demo Address,N/A,BooksToScrape
"10% Happier: How I Tamed the Voice in My Head, Reduced Stress Without Losing My Edge, and Found Self-Help That Actually Works",Books,Demo City,Demo Address,N/A,BooksToScrape
10-Day Green Smoothie Cleanse: Lose Up to 15 Pounds in 10 Days!,Books,Demo City,Demo Address,N/A,BooksToScrape
Without Shame,Books,Demo City,Demo Address,N/A,BooksToScrape
Watchmen,Books,Demo City,Demo Address,N/A,BooksToScrape
Unlimited Intuition Now,Books,Demo City,Demo Address,N/A,BooksToScrape
Underlying Notes,Books,Demo City,Demo Address,N/A,BooksToScrape
The Shack,Books,Demo City,Demo Address,N/A,BooksToScrape
The New Brand You: Your New Image Makes the Sale for You,Books,Demo City,Demo Address,N/A,BooksToScrape
"The Moosewood Cookbook: Recipes from Moosewood Restaurant, Ithaca, New York",Books,Demo City,Demo Address,N/A,BooksToScrape
The Flowers Lied,Books,Demo City,Demo Address,N/A,BooksToScrape
"The Fabric of the Cosmos: Space, Time, and the Texture of Reality",Books,Demo City,Demo Address,N/A,BooksToScrape
The Book of Mormon,Books,Demo City,Demo Address,N/A,BooksToScrape
The Art and Science of Low Carbohydrate Living,Books,Demo City,Demo Address,N/A,BooksToScrape
The Alien Club,Books,Demo City,Demo Address,N/A,BooksToScrape
Suzie Snowflake: One beautiful flake (a self-esteem story),Books,Demo City,Demo Address,N/A,BooksToScrape
Nap-a-Roo,Books,Demo City,Demo Address,N/A,BooksToScrape
"NaNo What Now? Finding your editing process, revising your NaNoWriMo book and building a writing career through publishing and beyond",Books,Demo City,Demo Address,N/A,BooksToScrape
Modern Day Fables,Books,Demo City,Demo Address,N/A,BooksToScrape
If I Gave You God's Phone Number....: Searching for Spirituality in America,Books,Demo City,Demo Address,N/A,BooksToScrape
"Fruits Basket, Vol. 9 (Fruits Basket #9)",Books,Demo City,Demo Address,N/A,BooksToScrape
Dress Your Family in Corduroy and Denim,Books,Demo City,Demo Address,N/A,BooksToScrape
Don't Forget Steven,Books,Demo City,Demo Address,N/A,BooksToScrape
Chernobyl 01:23:40: The Incredible True Story of the World's Worst Nuclear Disaster,Books,Demo City,Demo Address,N/A,BooksToScrape
Art and Fear: Observations on the Perils (and Rewards) of Artmaking,Books,Demo City,Demo Address,N/A,BooksToScrape
A Shard of Ice (The Black Symphony Saga #1),Books,Demo City,Demo Address,N/A,BooksToScrape
A Hero's Curse (The Unseen Chronicles #1),Books,Demo City,Demo Address,N/A,BooksToScrape
23 Degrees South: A Tropical Tale of Changing Whether...,Books,Demo City,Demo Address,N/A,BooksToScrape
"Zero to One: Notes on Startups, or How to Build the Future",Books,Demo City,Demo Address,N/A,BooksToScrape
Why Not Me?,Books,Demo City,Demo Address,N/A,BooksToScrape
When Breath Becomes Air,Books,Demo City,Demo Address,N/A,BooksToScrape
Vagabonding: An Uncommon Guide to the Art of Long-Term World Travel,Books,Demo City,Demo Address,N/A,BooksToScrape
The Unlikely Pilgrimage of Harold Fry (Harold Fry #1),Books,Demo City,Demo Address,N/A,BooksToScrape
The New Drawing on the Right Side of the Brain,Books,Demo City,Demo Address,N/A,BooksToScrape
"The Midnight Assassin: Panic, Scandal, and the Hunt for America's First Serial Killer",Books,Demo City,Demo Address,N/A,BooksToScrape
The Martian (The Martian #1),Books,Demo City,Demo Address,N/A,BooksToScrape
The High Mountains of Portugal,Books,Demo City,Demo Address,N/A,BooksToScrape
The Grownup,Books,Demo City,Demo Address,N/A,BooksToScrape
The E-Myth Revisited: Why Most Small Businesses Don't Work and What to Do About It,Books,Demo City,Demo Address,N/A,BooksToScrape
South of Sunshine,Books,Demo City,Demo Address,N/A,BooksToScrape
Smarter Faster Better: The Secrets of Being Productive in Life and Business,Books,Demo City,Demo Address,N/A,BooksToScrape
Silence in the Dark (Logan Point #4),Books,Demo City,Demo Address,N/A,BooksToScrape
Shadows of the Past (Logan Point #1),Books,Demo City,Demo Address,N/A,BooksToScrape
Roller Girl,Books,Demo City,Demo Address,N/A,BooksToScrape
Rising Strong,Books,Demo City,Demo Address,N/A,BooksToScrape
Proofs of God: Classical Arguments from Tertullian to Barth,Books,Demo City,Demo Address,N/A,BooksToScrape
Please Kill Me: The Uncensored Oral History of Punk,Books,Demo City,Demo Address,N/A,BooksToScrape
Out of Print: City Lights Spotlight No. 14,Books,Demo City,Demo Address,N/A,BooksToScrape
My Life Next Door (My Life Next Door ),Books,Demo City,Demo Address,N/A,BooksToScrape
Miller's Valley,Books,Demo City,Demo Address,N/A,BooksToScrape
Man's Search for Meaning,Books,Demo City,Demo Address,N/A,BooksToScrape
"Love That Boy: What Two Presidents, Eight Road Trips, and My Son Taught Me About a Parent's Expectations",Books,Demo City,Demo Address,N/A,BooksToScrape
Living Forward: A Proven Plan to Stop Drifting and Get the Life You Want,Books,Demo City,Demo Address,N/A,BooksToScrape
Les Fleurs du Mal,Books,Demo City,Demo Address,N/A,BooksToScrape
Left Behind (Left Behind #1),Books,Demo City,Demo Address,N/A,BooksToScrape
Kill 'Em and Leave: Searching for James Brown and the American Soul,Books,Demo City,Demo Address,N/A,BooksToScrape
Kierkegaard: A Christian Missionary to Christians,Books,Demo City,Demo Address,N/A,BooksToScrape
John Vassos: Industrial Design for Modern Life,Books,Demo City,Demo Address,N/A,BooksToScrape
I'll Give You the Sun,Books,Demo City,Demo Address,N/A,BooksToScrape
I Will Find You,Books,Demo City,Demo Address,N/A,BooksToScrape
Hystopia: A Novel,Books,Demo City,Demo Address,N/A,BooksToScrape
Howl and Other Poems,Books,Demo City,Demo Address,N/A,BooksToScrape
History of Beauty,Books,Demo City,Demo Address,N/A,BooksToScrape
Heaven is for Real: A Little Boy's Astounding Story of His Trip to Heaven and Back,Books,Demo City,Demo Address,N/A,BooksToScrape
Future Shock (Future Shock #1),Books,Demo City,Demo Address,N/A,BooksToScrape
Ender's Game (The Ender Quintet #1),Books,Demo City,Demo Address,N/A,BooksToScrape
Diary of a Citizen Scientist: Chasing Tiger Beetles and Other New Ways of Engaging the World,Books,Demo City,Demo Address,N/A,BooksToScrape
Death by Leisure: A Cautionary Tale,Books,Demo City,Demo Address,N/A,BooksToScrape
Brilliant Beacons: A History of the American Lighthouse,Books,Demo City,Demo Address,N/A,BooksToScrape
Brazen: The Courage to Find the You That's Been Hiding,Books,Demo City,Demo Address,N/A,BooksToScrape
Between the World and Me,Books,Demo City,Demo Address,N/A,BooksToScrape
Being Mortal: Medicine and What Matters in the End,Books,Demo City,Demo Address,N/A,BooksToScrape
"A Murder Over a Girl: Justice, Gender, Junior High",Books,Demo City,Demo Address,N/A,BooksToScrape
32 Yolks,Books,Demo City,Demo Address,N/A,BooksToScrape
"""Most Blessed of the Patriarchs"": Thomas Jefferson and the Empire of the Imagination",Books,Demo City,Demo Address,N/A,BooksToScrape
You Are a Badass: How to Stop Doubting Your Greatness and Start Living an Awesome Life,Books,Demo City,Demo Address,N/A,BooksToScrape
Wildlife of New York: A Five-Borough Coloring Book,Books,Demo City,Demo Address,N/A,BooksToScrape
What Happened on Beale Street (Secrets of the South Mysteries #2),Books,Demo City,Demo Address,N/A,BooksToScrape
Unreasonable Hope: Finding Faith in the God Who Brings Purpose to Your Pain,Books,Demo City,Demo Address,N/A,BooksToScrape
Under the Tuscan Sun,Books,Demo City,Demo Address,N/A,BooksToScrape
Toddlers Are A**holes: It's Not Your Fault,Books,Demo City,Demo Address,N/A,BooksToScrape
The Year of Living Biblically: One Man's Humble Quest to Follow the Bible as Literally as Possible,Books,Demo City,Demo Address,N/A,BooksToScrape
The Whale,Books,Demo City,Demo Address,N/A,BooksToScrape
